No,F stat.,Strain stat,Stress stat,Lo,Lm,F dyn.,Strain dyn,Stress dyn,Time,f,T,E',E'',|E*|,tan 채,F cont.,T2,T3,|J*|
 ,N,%,MPa,mm,mm,N,%,MPa,sec,Hz,째C,MPa,MPa,MPa,,N,째C,째C,1/MPa
1,4.78481,0.301286,2.08792,2.26414,2.1838,0.778989,0.0470179,0.339922,9.68E+02,0.1,26.7,7.22E+02,33.92465,7.23E+02,0.04698,0.726986,  ---  ,  ---  ,1.38E-03
2,4.15294,0.167509,1.81219,2.24064,2.19597,0.78377,0.0470872,0.342009,1.40E+03,0.17609,25.8,7.26E+02,28.88208,7.26E+02,0.0398,0.822842,  ---  ,  ---  ,1.38E-03
3,4.15392,0.169736,1.81262,2.24177,2.1965,0.788822,0.0471716,0.344213,1.64E+03,0.31008,25.4,7.29E+02,28.14774,7.30E+02,0.0386,0.807583,  ---  ,  ---  ,1.37E-03
4,4.14512,0.171034,1.80878,2.24238,2.19677,0.78954,0.0470392,0.344527,1.79E+03,0.54601,25.1,7.32E+02,28.72457,7.32E+02,0.03925,0.817365,  ---  ,  ---  ,1.37E-03
5,4.12262,0.169778,1.79896,2.24324,2.19796,0.794095,0.0470876,0.346514,1.88E+03,0.96147,25,7.35E+02,30.2062,7.36E+02,0.04108,0.807192,  ---  ,  ---  ,1.36E-03
6,4.16566,0.168596,1.81774,2.24226,2.1973,0.798958,0.0471379,0.348636,1.93E+03,1.69305,24.9,7.39E+02,32.45414,7.40E+02,0.04392,0.808366,  ---  ,  ---  ,1.35E-03
7,4.17642,0.172328,1.82244,2.24244,2.19649,0.801893,0.047139,0.349917,1.97E+03,2.98129,24.9,7.41E+02,35.10434,7.42E+02,0.04734,0.833601,  ---  ,  ---  ,1.35E-03
8,4.13631,0.169279,1.80494,2.24259,2.19745,0.802865,0.0470006,0.350341,2.00E+03,5.24974,24.8,7.44E+02,38.38467,7.45E+02,0.05156,0.818343,  ---  ,  ---  ,1.34E-03
9,4.10013,0.169811,1.78915,2.24271,2.19743,0.817912,0.0476321,0.356907,2.02E+03,9.24425,24.8,7.48E+02,40.05163,7.49E+02,0.05353,0.832036,  ---  ,  ---  ,1.33E-03
10,4.14121,0.172913,1.80707,2.24172,2.19561,0.813729,0.0472339,0.355082,2.04E+03,16.2782,24.8,7.51E+02,41.76488,7.52E+02,0.05564,0.831449,  ---  ,  ---  ,1.33E-03
11,4.14218,0.173231,1.8075,2.24187,2.19568,0.809423,0.0471255,0.353203,2.05E+03,28.6642,24.7,7.48E+02,45.50143,7.49E+02,0.06082,0.828711,  ---  ,  ---  ,1.33E-03
12,4.09915,0.170951,1.78872,2.24209,2.1965,0.795383,0.0473449,0.347076,2.06E+03,50,24.7,7.32E+02,46.71447,7.33E+02,0.06385,0.813452,  ---  ,  ---  ,1.36E-03
13,5.21322,0.282563,2.27486,2.24399,2.16864,0.779651,0.046701,0.340211,2.91E+03,0.1,37,7.27E+02,39.65308,7.28E+02,0.05451,0.79389,  ---  ,  ---  ,1.37E-03
14,4.01992,0.159026,1.75415,2.23755,2.19514,0.766397,0.0471761,0.334428,3.34E+03,0.17609,35.2,7.08E+02,32.58797,7.09E+02,0.04602,0.809539,  ---  ,  ---  ,1.41E-03
15,3.91624,0.162563,1.7089,2.24075,2.1974,0.768587,0.0471071,0.335384,3.58E+03,0.31008,34.3,7.11E+02,31.35776,7.12E+02,0.04409,0.817365,  ---  ,  ---  ,1.40E-03
16,3.97004,0.16986,1.73238,2.24095,2.19565,0.772294,0.0470377,0.337001,3.72E+03,0.54601,34.8,7.16E+02,31.27401,7.16E+02,0.04369,0.817169,  ---  ,  ---  ,1.40E-03
17,4.01112,0.172114,1.75031,2.24054,2.19464,0.77701,0.0471544,0.339059,3.81E+03,0.96147,35.1,7.18E+02,31.69367,7.19E+02,0.04412,0.82206,  ---  ,  ---  ,1.39E-03
18,4.02677,0.172301,1.75714,2.24042,2.19448,0.777528,0.0470332,0.339285,3.86E+03,1.69305,35.3,7.21E+02,32.63172,7.21E+02,0.04528,0.832819,  ---  ,  ---  ,1.39E-03
19,4.01209,0.173299,1.75073,2.24123,2.19501,0.78208,0.0471761,0.341271,3.90E+03,2.98129,35.3,7.23E+02,33.8919,7.23E+02,0.0469,0.80504,  ---  ,  ---  ,1.38E-03
20,4.02774,0.171649,1.75756,2.24075,2.19498,0.783069,0.0470764,0.341703,3.93E+03,5.24974,35.3,7.25E+02,35.28406,7.26E+02,0.04867,0.821864,  ---  ,  ---  ,1.38E-03
21,4.02383,0.172789,1.75585,2.24098,2.1949,0.794408,0.0476014,0.346651,3.95E+03,9.24425,35.3,7.27E+02,37.07311,7.28E+02,0.05097,0.800541,  ---  ,  ---  ,1.37E-03
22,4.03361,0.172766,1.76012,2.24098,2.19491,0.785781,0.0469815,0.342886,3.97E+03,16.2782,35.3,7.29E+02,39.40761,7.30E+02,0.05407,0.794281,  ---  ,  ---  ,1.37E-03
23,3.99644,0.172894,1.7439,2.24183,2.19573,0.781837,0.047148,0.341165,3.98E+03,28.6642,35.4,7.23E+02,39.82722,7.24E+02,0.05512,0.790564,  ---  ,  ---  ,1.38E-03
24,4.00525,0.172331,1.74775,2.24164,2.19569,0.788915,0.0483945,0.344254,4.00E+03,50,35.4,7.10E+02,43.84998,7.11E+02,0.06176,0.795455,  ---  ,  ---  ,1.41E-03
25,4.99315,0.274965,2.17883,2.24408,2.17076,0.757887,0.0470501,0.330714,4.84E+03,0.1,45.9,7.02E+02,41.15255,7.03E+02,0.05865,0.812865,  ---  ,  ---  ,1.42E-03
26,3.85364,0.156724,1.68159,2.23845,2.19665,0.74062,0.0471802,0.323179,5.27E+03,0.17609,45.5,6.84E+02,33.66533,6.85E+02,0.04921,0.824603,  ---  ,  ---  ,1.46E-03
27,3.88005,0.174349,1.69311,2.24136,2.19487,0.738494,0.0469106,0.322252,5.51E+03,0.31008,45.8,6.86E+02,32.52974,6.87E+02,0.04741,0.818734,  ---  ,  ---  ,1.46E-03
28,3.90841,0.174233,1.70549,2.24115,2.19469,0.744238,0.0471427,0.324759,5.65E+03,0.54601,45.8,6.88E+02,31.97907,6.89E+02,0.04647,0.831645,  ---  ,  ---  ,1.45E-03
29,3.91917,0.174705,1.71018,2.24126,2.19467,0.747299,0.0471367,0.326094,5.74E+03,0.96147,45.8,6.91E+02,32.66905,6.92E+02,0.04728,0.817756,  ---  ,  ---  ,1.45E-03
30,3.92798,0.173317,1.71403,2.24083,2.19462,0.748905,0.0470715,0.326795,5.80E+03,1.69305,45.8,6.93E+02,33.35432,6.94E+02,0.0481,0.813061,  ---  ,  ---  ,1.44E-03
31,3.86733,0.171338,1.68756,2.24181,2.19612,0.752546,0.0472417,0.328384,5.83E+03,2.98129,45.7,6.94E+02,33.99716,6.95E+02,0.04897,0.801519,  ---  ,  ---  ,1.44E-03
32,3.90548,0.174214,1.70421,2.2417,2.19525,0.751888,0.046992,0.328097,5.86E+03,5.24974,45.8,6.97E+02,35.72222,6.98E+02,0.05123,0.809148,  ---  ,  ---  ,1.43E-03
33,3.91917,0.17292,1.71018,2.24143,2.19531,0.752363,0.046788,0.328304,5.89E+03,9.24425,45.8,7.01E+02,36.94363,7.02E+02,0.05272,0.83321,  ---  ,  ---  ,1.43E-03
34,3.92015,0.172613,1.71061,2.24133,2.1953,0.756953,0.0470366,0.330307,5.90E+03,16.2782,45.8,7.01E+02,38.60665,7.02E+02,0.05506,0.833601,  ---  ,  ---  ,1.42E-03
35,3.89179,0.171011,1.69824,2.24177,2.19616,0.752318,0.0469279,0.328284,5.92E+03,28.6642,45.8,6.98E+02,43.64169,7.00E+02,0.06251,0.801519,  ---  ,  ---  ,1.43E-03
36,3.93384,0.173389,1.71658,2.24154,2.1953,0.757042,0.048381,0.330345,5.93E+03,50,45.8,6.82E+02,38.60992,6.83E+02,0.05664,0.811496,  ---  ,  ---  ,1.46E-03
37,4.43953,0.260081,1.93725,2.24527,2.17592,0.71514,0.0472001,0.312061,6.77E+03,0.1,54.7,6.60E+02,42.18162,6.61E+02,0.06393,0.819712,  ---  ,  ---  ,1.51E-03
38,3.77637,0.173899,1.64787,2.2341,2.18772,0.700548,0.0472185,0.305693,7.20E+03,0.17609,56.2,6.46E+02,36.15427,6.47E+02,0.05593,0.822059,  ---  ,  ---  ,1.54E-03
39,3.67758,0.172046,1.60476,2.23488,2.189,0.698679,0.0471401,0.304878,7.44E+03,0.31008,56.2,6.46E+02,34.66011,6.47E+02,0.05367,0.824211,  ---  ,  ---  ,1.55E-03
40,3.70105,0.173291,1.615,2.23423,2.18802,0.701048,0.0470707,0.305912,7.59E+03,0.54601,56.3,6.49E+02,34.23593,6.50E+02,0.05275,0.831645,  ---  ,  ---  ,1.54E-03
41,3.70594,0.172729,1.61714,2.23411,2.18805,0.702908,0.0469991,0.306724,7.67E+03,0.96147,56.2,6.52E+02,33.7028,6.53E+02,0.05171,0.826363,  ---  ,  ---  ,1.53E-03
42,3.70888,0.17328,1.61842,2.2343,2.18809,0.705523,0.0469687,0.307864,7.73E+03,1.69305,56.3,6.55E+02,33.98624,6.55E+02,0.05192,0.810126,  ---  ,  ---  ,1.53E-03
43,3.70497,0.172309,1.61671,2.23407,2.18812,0.712033,0.0472462,0.310705,7.76E+03,2.98129,56.1,6.57E+02,34.3465,6.58E+02,0.0523,0.839079,  ---  ,  ---  ,1.52E-03
44,3.70301,0.173674,1.61586,2.23443,2.18812,0.710908,0.0469429,0.310214,7.79E+03,5.24974,56.2,6.60E+02,35.68841,6.61E+02,0.05408,0.821864,  ---  ,  ---  ,1.51E-03
45,3.7079,0.172496,1.61799,2.23417,2.18817,0.724195,0.0476257,0.316012,7.82E+03,9.24425,56.2,6.63E+02,36.6017,6.64E+02,0.05525,0.835949,  ---  ,  ---  ,1.51E-03
46,3.64921,0.16977,1.59238,2.23517,2.1899,0.718998,0.0472357,0.313744,7.83E+03,16.2782,56.2,6.63E+02,37.49114,6.64E+02,0.05653,0.826754,  ---  ,  ---  ,1.51E-03
47,3.6541,0.170711,1.59452,2.23549,2.18996,0.712998,0.0470044,0.311127,7.85E+03,28.6642,56.1,6.61E+02,38.90996,6.62E+02,0.05889,0.810126,  ---  ,  ---  ,1.51E-03
48,3.66193,0.16977,1.59793,2.23529,2.19002,0.715552,0.04818,0.312241,7.86E+03,50,56.2,6.47E+02,42.46614,6.48E+02,0.06567,0.830862,  ---  ,  ---  ,1.54E-03
49,3.65019,0.263902,1.59281,2.23905,2.16867,0.626274,0.0469811,0.273283,8.70E+03,0.1,66.2,5.80E+02,43.98445,5.82E+02,0.07583,0.816386,  ---  ,  ---  ,1.72E-03
50,3.3235,0.18012,1.45025,2.21634,2.16831,0.627093,0.0471154,0.27364,9.13E+03,0.17609,66.7,5.79E+02,41.15256,5.81E+02,0.07103,0.832427,  ---  ,  ---  ,1.72E-03
51,3.33426,0.176138,1.45495,2.21205,2.16508,0.634671,0.0471742,0.276947,9.37E+03,0.31008,66.8,5.86E+02,40.02242,5.87E+02,0.06833,0.825776,  ---  ,  ---  ,1.70E-03
52,3.32448,0.17271,1.45068,2.21097,2.16491,0.639813,0.0471934,0.279191,9.51E+03,0.54601,66.8,5.90E+02,39.58937,5.92E+02,0.06707,0.824016,  ---  ,  ---  ,1.69E-03
53,3.36458,0.175121,1.46818,2.20872,2.16202,0.642971,0.0470812,0.280569,9.60E+03,0.96147,66.7,5.95E+02,39.34088,5.96E+02,0.06616,0.821668,  ---  ,  ---  ,1.68E-03
54,3.37534,0.171037,1.47288,2.20766,2.16205,0.649393,0.0470978,0.283371,9.66E+03,1.69305,66.6,6.00E+02,38.60016,6.02E+02,0.06429,0.829884,  ---  ,  ---  ,1.66E-03
55,3.38316,0.17079,1.47629,2.2077,2.16215,0.656502,0.0472271,0.286473,9.69E+03,2.98129,66.7,6.05E+02,38.88243,6.07E+02,0.06423,0.833014,  ---  ,  ---  ,1.65E-03
56,3.37827,0.170869,1.47415,2.20766,2.16209,0.658647,0.0469226,0.28741,9.72E+03,5.24974,66.6,6.11E+02,39.14016,6.13E+02,0.06403,0.838296,  ---  ,  ---  ,1.63E-03
57,3.36556,0.171971,1.46861,2.20796,2.1621,0.68426,0.0484054,0.298586,9.75E+03,9.24425,66.7,6.16E+02,40.43456,6.17E+02,0.06569,0.825776,  ---  ,  ---  ,1.62E-03
58,3.35089,0.171562,1.46221,2.20788,2.16213,0.671484,0.0471473,0.293011,9.76E+03,16.2782,66.7,6.20E+02,42.28689,6.21E+02,0.0682,0.832819,  ---  ,  ---  ,1.61E-03
59,3.37632,0.170505,1.4733,2.20677,2.1613,0.674354,0.0472043,0.294263,9.78E+03,28.6642,66.6,6.22E+02,42.78874,6.23E+02,0.0688,0.82382,  ---  ,  ---  ,1.60E-03
60,3.39197,0.169448,1.48013,2.20657,2.16138,0.66314,0.0468502,0.28937,9.79E+03,50,66.7,6.16E+02,44.64143,6.18E+02,0.07247,0.839861,  ---  ,  ---  ,1.62E-03
61,2.53024,0.28419,1.1041,2.2155,2.13972,0.504556,0.0468934,0.22017,1.06E+04,0.1,76.9,465.901,58.1168,469.512,0.124741,0.807779,  ---  ,  ---  ,2.13E-03
62,2.59285,0.18468,1.13143,2.1673,2.11805,0.524138,0.0471795,0.228715,1.11E+04,0.17609,77,481.482,56.4142,484.775,0.117168,0.85199,  ---  ,  ---  ,2.06E-03
63,2.74641,0.177544,1.19843,2.15072,2.10337,0.542936,0.0473546,0.236917,1.13E+04,0.31008,77,497.374,54.0753,5.00E+02,0.10872,0.849055,  ---  ,  ---  ,2.00E-03
64,2.82661,0.178616,1.23343,2.1423,2.09467,0.555341,0.0471889,0.24233,1.14E+04,0.54601,77.1,5.11E+02,51.75164,5.14E+02,0.10129,0.853946,  ---  ,  ---  ,1.95E-03
65,2.91367,0.177439,1.27142,2.13632,2.089,0.568836,0.047205,0.248219,1.15E+04,0.96147,77.1,5.23E+02,50.20019,5.26E+02,0.09591,0.860402,  ---  ,  ---  ,1.90E-03
66,2.93127,0.174754,1.2791,2.13367,2.08707,0.578999,0.0471525,0.252654,1.16E+04,1.69305,77.1,5.34E+02,48.18658,5.36E+02,0.0903,0.845534,  ---  ,  ---  ,1.87E-03
67,2.96159,0.173831,1.29233,2.13259,2.08624,0.588676,0.0471386,0.256877,1.16E+04,2.98129,77.1,5.43E+02,46.82336,5.45E+02,0.08624,0.836731,  ---  ,  ---  ,1.84E-03
68,2.95279,0.172594,1.28849,2.13225,2.08622,0.597669,0.0471427,0.260801,1.17E+04,5.24974,77,5.51E+02,45.42068,5.53E+02,0.08238,0.852968,  ---  ,  ---  ,1.81E-03
69,3.00757,0.175331,1.31239,2.13124,2.08449,0.604109,0.0468514,0.263611,1.17E+04,9.24425,77.1,5.61E+02,45.39081,5.63E+02,0.08094,0.856294,  ---  ,  ---  ,1.78E-03
70,3.01539,0.172665,1.31581,2.13154,2.08549,0.61328,0.0471202,0.267613,1.17E+04,16.2782,77,5.66E+02,44.72233,5.68E+02,0.07899,0.840839,  ---  ,  ---  ,1.76E-03
71,3.03104,0.172466,1.32264,2.13156,2.08557,0.617407,0.0471338,0.269414,1.17E+04,28.6642,77.1,5.70E+02,45.27995,5.72E+02,0.07947,0.844556,  ---  ,  ---  ,1.75E-03
72,3.0242,0.175781,1.31965,2.13239,2.08551,0.611457,0.0470265,0.266818,1.17E+04,50,77.2,5.66E+02,45.99612,5.67E+02,0.08134,0.858641,  ---  ,  ---  ,1.76E-03
73,1.34574,0.294713,0.587232,2.15381,2.07522,0.325217,0.0472241,0.141913,1.26E+04,0.1,87.3,293.799,63.1521,300.509,0.21495,0.817169,  ---  ,  ---  ,3.33E-03
74,1.48072,0.192067,0.646132,2.07543,2.02421,0.369332,0.0472718,0.161163,1.30E+04,0.17609,87.5,335.186,62.3131,340.929,0.185906,0.847099,  ---  ,  ---  ,2.93E-03
75,1.79959,0.180761,0.785276,2.03167,1.98347,0.410202,0.0471191,0.178997,1.32E+04,0.31008,87.5,374.861,61.5655,379.883,0.164236,0.852772,  ---  ,  ---  ,2.63E-03
76,2.05586,0.180848,0.897103,2.00166,1.95343,0.442218,0.0470265,0.192968,1.34E+04,0.54601,87.5,405.73,61.3282,410.339,0.151155,0.869596,  ---  ,  ---  ,2.44E-03
77,2.23094,0.1809,0.973501,1.98229,1.93405,0.468342,0.0471446,0.204367,1.35E+04,0.96147,87.5,429.353,59.7515,433.49,0.139166,0.870965,  ---  ,  ---  ,2.31E-03
78,2.35907,0.17982,1.02941,1.96958,1.92163,0.489765,0.047205,0.213715,1.35E+04,1.69305,87.4,449.055,57.6364,452.739,0.12835,0.875465,  ---  ,  ---  ,2.21E-03
79,2.44124,0.173846,1.06527,1.96234,1.91598,0.505422,0.0471874,0.220548,1.35E+04,2.98129,87.6,464.084,55.468,467.387,0.119522,0.891897,  ---  ,  ---  ,2.14E-03
80,2.49503,0.176636,1.08874,1.95829,1.91119,0.520024,0.0470782,0.22692,1.36E+04,5.24974,87.5,479.038,53.3982,482.005,0.11147,0.896201,  ---  ,  ---  ,2.07E-03
81,2.50188,0.177705,1.09173,1.9567,1.90931,0.530553,0.0468285,0.231514,1.36E+04,9.24425,87.4,491.745,51.0365,494.387,0.103786,0.86314,  ---  ,  ---  ,2.02E-03
82,2.53024,0.176269,1.1041,1.95536,1.90836,0.545258,0.047094,0.237931,1.36E+04,16.2782,87.5,5.03E+02,49.6311,5.05E+02,0.09871,0.882703,  ---  ,  ---  ,1.98E-03
83,2.58404,0.178905,1.12758,1.95431,1.90661,0.552906,0.0470017,0.241268,1.36E+04,28.6642,87.6,5.11E+02,48.07772,5.13E+02,0.09407,0.880355,  ---  ,  ---  ,1.95E-03
84,2.57622,0.176299,1.12417,1.95556,1.90854,0.562308,0.0481391,0.245371,1.36E+04,50,87.5,5.07E+02,47.77693,5.10E+02,0.09415,0.876247,  ---  ,  ---  ,1.96E-03
85,0.873313,0.297375,0.381082,1.9979,1.9186,0.205997,0.0465536,0.0898896,1.45E+04,0.1,97.7,183.506,60.0728,193.088,0.327362,0.815995,  ---  ,  ---  ,5.18E-03
86,0.959387,0.191831,0.418642,1.90963,1.85848,0.262977,0.0471525,0.114754,1.49E+04,0.17609,97.9,235.412,61.7153,243.367,0.262159,0.732659,  ---  ,  ---  ,4.11E-03
87,1.22837,0.18474,0.536016,1.85074,1.80148,0.30698,0.047259,0.133955,1.51E+04,0.31008,97.9,276.511,62.3304,283.449,0.225418,0.836731,  ---  ,  ---  ,3.53E-03
88,1.50224,0.181909,0.655523,1.80411,1.7556,0.344374,0.0471949,0.150272,1.53E+04,0.54601,97.9,312.323,61.9501,318.408,0.198352,0.856098,  ---  ,  ---  ,3.14E-03
89,1.74579,0.182272,0.761799,1.76821,1.7196,0.372519,0.0471184,0.162554,1.54E+04,0.96147,97.8,339.492,61.3462,344.99,0.1807,0.882898,  ---  ,  ---  ,2.90E-03
90,1.91501,0.179156,0.835641,1.74414,1.69636,0.395838,0.0471877,0.172729,1.54E+04,1.69305,97.8,361.169,59.5575,366.047,0.164902,0.888963,  ---  ,  ---  ,2.73E-03
91,2.03727,0.180893,0.888991,1.72916,1.68093,0.41493,0.0471259,0.18106,1.55E+04,2.98129,98.1,379.898,57.3719,384.206,0.151019,0.898744,  ---  ,  ---  ,2.60E-03
92,2.07542,0.180814,0.905638,1.72124,1.67302,0.43168,0.0470906,0.18837,1.55E+04,5.24974,97.9,396.268,54.6248,400.015,0.137848,0.896005,  ---  ,  ---  ,2.50E-03
93,2.12237,0.178459,0.926125,1.71484,1.66725,0.445978,0.0468806,0.194609,1.55E+04,9.24425,97.8,411.765,52.6378,415.116,0.127835,0.909112,  ---  ,  ---  ,2.41E-03
94,2.139,0.179925,0.933382,1.71226,1.66428,0.46322,0.0472343,0.202132,1.55E+04,16.2782,98,424.891,50.9538,427.936,0.119922,0.900113,  ---  ,  ---  ,2.34E-03
95,2.18301,0.174716,0.952586,1.70999,1.6634,0.473367,0.0471345,0.20656,1.55E+04,28.6642,98,435.38,49.945,438.236,0.114716,0.895614,  ---  ,  ---  ,2.28E-03
96,2.20355,0.178943,0.961549,1.70915,1.66143,0.489197,0.048513,0.213468,1.56E+04,50,97.8,437.489,47.1472,440.022,0.107768,0.89894,  ---  ,  ---  ,2.27E-03
97,0.736376,0.292886,0.321328,1.7665,1.6884,0.13185,0.0467419,0.0575345,1.64E+04,0.1,108.3,114.649,44.7965,123.09,0.390727,0.813061,  ---  ,  ---  ,8.12E-03
98,0.775501,0.186664,0.3384,1.67803,1.62825,0.169508,0.0471634,0.0739671,1.68E+04,0.17609,108.4,148.878,49.3102,156.832,0.331212,0.702729,  ---  ,  ---  ,6.38E-03
99,0.918306,0.180544,0.400715,1.62091,1.57276,0.203184,0.0470805,0.0886619,1.71E+04,0.31008,108.4,180.793,52.7091,188.32,0.291544,0.737941,  ---  ,  ---  ,5.31E-03
100,1.10317,0.180319,0.481383,1.5666,1.51852,0.234466,0.0471371,0.102312,1.72E+04,0.54601,108.3,210.024,54.7882,217.052,0.260867,0.846708,  ---  ,  ---  ,4.61E-03
101,1.31249,0.181316,0.572723,1.5157,1.46735,0.261393,0.047226,0.114062,1.73E+04,0.96147,108.3,235.004,55.7437,241.525,0.237203,0.900505,  ---  ,  ---  ,4.14E-03
102,1.45823,0.178358,0.636319,1.47941,1.43185,0.284313,0.047052,0.124064,1.73E+04,1.69305,108.2,257.695,55.8327,263.674,0.216662,0.907351,  ---  ,  ---  ,3.79E-03
103,1.56386,0.177158,0.682412,1.45655,1.4093,0.306047,0.0471821,0.133548,1.74E+04,2.98129,108.3,277.594,55.2922,283.047,0.199184,0.917133,  ---  ,  ---  ,3.53E-03
104,1.6294,0.177011,0.711011,1.44182,1.39462,0.325402,0.0470516,0.141994,1.74E+04,5.24974,108.3,296.852,54.3297,301.782,0.18302,0.915568,  ---  ,  ---  ,3.31E-03
105,1.67048,0.1803,0.728937,1.43186,1.38378,0.340756,0.046794,0.148694,1.74E+04,9.24425,108.4,313.359,52.7176,317.762,0.168234,0.913024,  ---  ,  ---  ,3.15E-03
106,1.70667,0.17541,0.744729,1.4247,1.37793,0.360135,0.0470501,0.15715,1.74E+04,16.2782,108.2,330.043,51.2939,334.005,0.155416,0.920262,  ---  ,  ---  ,2.99E-03
107,1.73014,0.178946,0.75497,1.42173,1.37401,0.373848,0.0471109,0.163134,1.75E+04,28.6642,108.4,342.569,50.534,346.276,0.147515,0.911851,  ---  ,  ---  ,2.89E-03
108,1.74286,0.178729,0.760521,1.42071,1.37305,0.385032,0.0474952,0.168014,1.75E+04,50,108.4,350.586,47.197,353.749,0.134623,0.918893,  ---  ,  ---  ,2.83E-03
109,0.724639,0.291877,0.316206,1.49988,1.42205,0.067906,0.0467167,0.0296317,1.83E+04,0.1,118.8,59.0295,23.2095,63.4284,0.393185,0.818147,  ---  ,  ---  ,0.0157658
110,0.75007,0.186866,0.327303,1.41459,1.36476,0.0873523,0.0470891,0.0381174,1.87E+04,0.17609,118.9,76.2148,27.2722,80.9473,0.357834,0.68434,  ---  ,  ---  ,0.0123537
111,0.834188,0.181894,0.364009,1.35946,1.31096,0.106895,0.0470936,0.046645,1.90E+04,0.31008,118.8,93.6386,32.2829,99.0474,0.34476,0.727965,  ---  ,  ---  ,0.0100962
112,0.934934,0.178433,0.407971,1.30698,1.2594,0.126172,0.0471439,0.055057,1.91E+04,0.54601,118.8,110.966,36.4056,116.785,0.32808,0.79252,  ---  ,  ---  ,8.56E-03
113,1.05524,0.178095,0.460468,1.25344,1.20595,0.144266,0.0470452,0.0629525,1.92E+04,0.96147,118.7,127.75,39.8213,133.813,0.311713,0.892288,  ---  ,  ---  ,7.47E-03
114,1.17555,0.175275,0.512967,1.20414,1.1574,0.161877,0.0470539,0.0706374,1.92E+04,1.69305,118.8,144.047,42.2663,150.12,0.29342,0.93513,  ---  ,  ---  ,6.66E-03
115,1.25478,0.177956,0.54754,1.17179,1.12433,0.180283,0.0471285,0.0786691,1.93E+04,2.98129,118.8,160.917,44.3807,166.925,0.275799,0.948628,  ---  ,  ---  ,5.99E-03
116,1.29879,0.179306,0.566745,1.15241,1.1046,0.197783,0.0469361,0.0863051,1.93E+04,5.24974,118.8,178.151,45.5345,183.878,0.255595,0.946672,  ---  ,  ---  ,5.44E-03
117,1.31933,0.177532,0.575708,1.14102,1.09367,0.215892,0.0468484,0.0942076,1.93E+04,9.24425,118.7,195.529,46.966,201.09,0.2402,0.945107,  ---  ,  ---  ,4.97E-03
118,1.34477,0.176565,0.586809,1.13186,1.08478,0.234378,0.0470827,0.102274,1.94E+04,16.2782,118.8,212.019,47.2586,217.222,0.222898,0.956257,  ---  ,  ---  ,4.60E-03
119,1.35748,0.18054,0.592355,1.12797,1.07983,0.251103,0.0470051,0.109572,1.94E+04,28.6642,118.9,228.156,47.7882,233.107,0.209454,0.949997,  ---  ,  ---  ,4.29E-03
120,1.36922,0.177285,0.597478,1.1241,1.07682,0.263094,0.0469129,0.114805,1.94E+04,50,118.9,240.19,46.8614,244.719,0.195101,0.954497,  ---  ,  ---  ,4.09E-03
121,0.81756,0.287651,0.356753,1.22934,1.15263,0.0331016,0.0468319,0.0144443,2.02E+04,0.1,129.3,29.2329,9.83479,30.8429,0.336428,0.824603,  ---  ,  ---  ,0.0324223
122,0.854729,0.182048,0.372973,1.14625,1.09771,0.0413872,0.0470981,0.0180599,2.07E+04,0.17609,129.7,36.3562,12.1893,38.3452,0.335274,0.793694,  ---  ,  ---  ,0.0260789
123,0.909503,0.178429,0.396874,1.09136,1.04377,0.0498486,0.0470932,0.0217521,2.09E+04,0.31008,129.2,43.6367,15.1428,46.1895,0.347019,0.835557,  ---  ,  ---  ,0.02165
124,0.971125,0.176003,0.423764,1.03889,0.991956,0.058673,0.0470756,0.0256028,2.10E+04,0.54601,129.3,51.1455,18.4939,54.3865,0.361594,0.896592,  ---  ,  ---  ,0.0183869
125,1.04057,0.179437,0.454067,0.986123,0.938273,0.0683701,0.0471427,0.0298342,2.11E+04,0.96147,129,59.4681,21.6452,63.2848,0.36398,0.951171,  ---  ,  ---  ,0.0158016
126,1.0973,0.178196,0.478822,0.945028,0.897509,0.0790289,0.0470243,0.0344854,2.12E+04,1.69305,129,68.9214,25.0581,73.3353,0.363575,0.957822,  ---  ,  ---  ,0.013636
127,1.13056,0.177742,0.493335,0.921113,0.873715,0.0909474,0.0471806,0.0396862,2.12E+04,2.98129,129.3,79.0982,28.6158,84.1154,0.361776,0.96017,  ---  ,  ---  ,0.0118884
128,1.14621,0.180457,0.500164,0.907909,0.859787,0.10366,0.0469279,0.0452335,2.12E+04,5.24974,129,90.9952,31.7927,96.3894,0.349389,0.970147,  ---  ,  ---  ,0.0103746
129,1.15501,0.177694,0.504004,0.899257,0.851872,0.117052,0.0469185,0.0510772,2.13E+04,9.24425,129.3,103.171,34.7434,108.864,0.336756,0.969755,  ---  ,  ---  ,9.19E-03
130,1.15697,0.177623,0.50486,0.896238,0.848872,0.131706,0.047229,0.0574717,2.13E+04,16.2782,129.3,115.766,37.4962,121.687,0.323896,0.968777,  ---  ,  ---  ,8.22E-03
131,1.16479,0.17985,0.508272,0.892784,0.844824,0.146892,0.047064,0.0640982,2.13E+04,28.6642,129,129.961,40.728,136.194,0.313385,0.967995,  ---  ,  ---  ,7.34E-03
132,1.16675,0.176992,0.509127,0.892061,0.844863,0.15687,0.046629,0.0684525,2.13E+04,50,129.2,140.82,41.4819,146.802,0.294575,0.964473,  ---  ,  ---  ,6.81E-03
133,0.941781,0.28614,0.410959,1.043,0.966692,0.0172886,0.0469706,7.54E-03,2.22E+04,0.1,139.5,15.6982,3.39607,16.0613,0.216335,0.828515,  ---  ,  ---  ,0.0622613
134,0.979928,0.182179,0.427605,0.961467,0.912886,0.0197085,0.0471255,8.60E-03,2.26E+04,0.17609,139.5,17.6256,4.73001,18.2493,0.268359,0.932587,  ---  ,  ---  ,0.0547967
135,1.02101,0.178474,0.445532,0.907564,0.859971,0.0227406,0.0471817,9.92E-03,2.28E+04,0.31008,139.8,20.1667,5.9698,21.0318,0.296023,0.968777,  ---  ,  ---  ,0.0475471
136,1.05231,0.175875,0.45919,0.868896,0.821996,0.0260472,0.0471082,0.0113661,2.30E+04,0.54601,139.5,22.9624,7.40722,24.1276,0.32258,0.98208,  ---  ,  ---  ,0.0414464
137,1.06307,0.179186,0.463885,0.854814,0.807031,0.0297184,0.0471173,0.012968,2.31E+04,0.96147,139.6,25.9583,9.1474,27.5229,0.352387,0.971711,  ---  ,  ---  ,0.0363334
138,1.06894,0.178732,0.466447,0.845688,0.798026,0.0341759,0.0471315,0.0149131,2.31E+04,1.69305,139.7,29.5145,11.4054,31.6416,0.386436,0.980123,  ---  ,  ---  ,0.031604
139,1.07089,0.179348,0.467297,0.843735,0.795909,0.0392906,0.0470344,0.017145,2.32E+04,2.98129,139.8,33.8348,13.5631,36.452,0.400862,0.983449,  ---  ,  ---  ,0.0274333
140,1.06894,0.178605,0.466447,0.844531,0.796903,0.0456596,0.047124,0.0199242,2.32E+04,5.24974,139.4,39.0036,16.32,42.2803,0.418423,0.984231,  ---  ,  ---  ,0.0236517
141,1.07089,0.17361,0.467297,0.842271,0.795975,0.0541287,0.0483787,0.0236198,2.32E+04,9.24425,139.6,44.913,19.1436,48.8227,0.426238,0.976211,  ---  ,  ---  ,0.0204823
142,1.06796,0.177412,0.466019,0.845247,0.797937,0.0613363,0.0470479,0.0267649,2.32E+04,16.2782,139.7,52.1426,22.748,56.8887,0.436266,0.976798,  ---  ,  ---  ,0.0175782
143,1.07872,0.17427,0.470714,0.836447,0.789975,0.0709342,0.0469226,0.0309531,2.33E+04,28.6642,139.7,60.7615,25.6826,65.9663,0.422679,0.986383,  ---  ,  ---  ,0.0151593
144,1.07578,0.17841,0.469431,0.840484,0.792908,0.0825824,0.0473137,0.036036,2.33E+04,50,139.6,70.5251,28.76,76.1638,0.407798,0.980123,  ---  ,  ---  ,0.0131296
145,0.914394,0.284269,0.399008,1.03951,0.963707,0.0131893,0.0471592,5.76E-03,2.41E+04,0.1,149.9,12.1864,0.655529,12.204,0.0537918,0.825189,  ---  ,  ---  ,0.0819401
146,0.950584,0.186229,0.4148,0.957487,0.907826,0.0134439,0.0471934,5.87E-03,2.46E+04,0.17609,150.1,12.3904,0.999287,12.4306,0.0806503,0.901483,  ---  ,  ---  ,0.0804466
147,0.989709,0.175429,0.431873,0.903522,0.856741,0.0137903,0.0471401,6.02E-03,2.48E+04,0.31008,150,12.7013,1.27647,12.7653,0.100499,0.941585,  ---  ,  ---  ,0.0783374
148,1.03568,0.176411,0.451933,0.850818,0.803775,0.0144035,0.0471934,6.29E-03,2.49E+04,0.54601,150,13.1736,1.95531,13.3179,0.148426,0.985796,  ---  ,  ---  ,0.0750869
149,1.04546,0.178811,0.456201,0.836478,0.788795,0.0154361,0.0470865,6.74E-03,2.50E+04,0.96147,149.9,14.0382,2.75031,14.3051,0.195916,0.984818,  ---  ,  ---  ,0.0699053
150,1.0484,0.17901,0.457484,0.831457,0.783721,0.0164406,0.0471611,7.17E-03,2.51E+04,1.69305,149.9,14.8018,3.50803,15.2119,0.236999,0.985405,  ---  ,  ---  ,0.0657382
151,1.05035,0.178204,0.458335,0.825351,0.77783,0.0183796,0.0472481,8.02E-03,2.51E+04,2.98129,149.9,16.2609,4.87017,16.9746,0.299501,0.984231,  ---  ,  ---  ,0.0589116
152,1.04937,0.175751,0.457907,0.824722,0.777855,0.02027,0.046989,8.85E-03,2.52E+04,5.24974,150,17.6731,6.48028,18.8237,0.366674,0.988731,  ---  ,  ---  ,0.0531244
153,1.04742,0.173494,0.457056,0.825166,0.778901,0.0234622,0.04773,0.010238,2.52E+04,9.24425,149.8,19.9398,7.9059,21.4499,0.396489,0.987753,  ---  ,  ---  ,0.0466202
154,1.04644,0.17847,0.456628,0.826506,0.778914,0.0266739,0.0471866,0.0116395,2.52E+04,16.2782,150.1,22.6029,9.87773,24.667,0.437012,0.979732,  ---  ,  ---  ,0.0405401
155,1.05035,0.17802,0.458335,0.822343,0.774871,0.0313525,0.0472699,0.0136811,2.52E+04,28.6642,150.2,26.2371,12.2181,28.9425,0.465682,0.987361,  ---  ,  ---  ,0.0345513
156,1.0484,0.178665,0.457484,0.823507,0.775863,0.0365404,0.0461212,0.0159449,2.52E+04,50,149.9,31.1211,15.0559,34.5717,0.483783,0.986383,  ---  ,  ---  ,0.0289254